{"accuracy": [0.8931458592414856, 0.9727291464805603, 0.981291651725769, 0.9848750233650208, 0.9879583120346069, 0.9906250238418579, 0.9912499785423279, 0.992062509059906, 0.9930833578109741, 0.9937499761581421], "loss": [0.35296615958213806, 0.08782447129487991, 0.06057335436344147, 0.0487973690032959, 0.03881555050611496, 0.03152628242969513, 0.027611104771494865, 0.024141205474734306, 0.021845519542694092, 0.01922130584716797], "val_accuracy": [0.9724166393280029, 0.9825000166893005, 0.9856666922569275, 0.9865833520889282, 0.9890833497047424, 0.9894166588783264, 0.9900000095367432, 0.9899166822433472, 0.9885833263397217, 0.9908333420753479], "val_loss": [0.09082414954900742, 0.05908837914466858, 0.0455913245677948, 0.0438913032412529, 0.03832697123289108, 0.038285352289676666, 0.03745501860976219, 0.03510809689760208, 0.0380941741168499, 0.03439376875758171]}