{"accuracy": [0.903291642665863, 0.9623541831970215, 0.9740833044052124, 0.9806666374206543, 0.9852083325386047, 0.9874791502952576, 0.989062488079071, 0.9900833368301392, 0.9931041598320007, 0.992354154586792], "loss": [0.3288078308105469, 0.12562158703804016, 0.08404231071472168, 0.06272097676992416, 0.048478931188583374, 0.03993172571063042, 0.03371177986264229, 0.02916625514626503, 0.022111302241683006, 0.022833554074168205], "val_accuracy": [0.9597499966621399, 0.9700833559036255, 0.9735000133514404, 0.9762499928474426, 0.9758333563804626, 0.9778333306312561, 0.9785000085830688, 0.9794166684150696, 0.9756666421890259, 0.9788333177566528], "val_loss": [0.13276192545890808, 0.09899162501096725, 0.08963212370872498, 0.08341208100318909, 0.0842553898692131, 0.08365947753190994, 0.07999338954687119, 0.07770584523677826, 0.0951230600476265, 0.08595791459083557]}